study_id,authors,year,title,method,dataset,task,model_or_technique,key_metric,key_result,limitations,source_id
IDS01,"Telikani et al.",2024,"A Cost-Sensitive Machine Learning Model With Multitask Learning for Intrusion Detection in IoT","Experimental study","UNSW-NB15 + BoT-IoT","Intrusion detection; low-frequency and unknown attacks","Autoencoder + cost-sensitive multitask SVM","Recall; Precision; F1-score","92.2%; 96.2%; 94.3%","Results are dataset/protocol-specific; average metrics should not be treated as universal IDS performance.",Q01
MAL01,"Soni et al.",2025,"A Comparative Analysis for Android Malware Detection Using Machine Learning Models","Experimental comparison","TUANDROMD","Android malware classification","KNN","Accuracy","97.65%","Dataset and experimental protocol are specific to Android malware classification.",Q02
MAL02,"Soni et al.",2025,"A Comparative Analysis for Android Malware Detection Using Machine Learning Models","Experimental comparison","TUANDROMD","Android malware classification","SVM","Accuracy","98.62%","Dataset and experimental protocol are specific to Android malware classification.",Q02
MAL03,"Soni et al.",2025,"A Comparative Analysis for Android Malware Detection Using Machine Learning Models","Experimental comparison","TUANDROMD","Android malware classification","Decision Tree","Accuracy","99.10%","Dataset and experimental protocol are specific to Android malware classification.",Q02
PHI01,"Authors not yet extracted","2024","Comparative Analysis and Practical Implementation of Machine Learning Algorithms for Phishing Website Detection","Experimental comparison","UCI Phishing Websites","Phishing website detection","Random Forest","Accuracy; Precision; Recall; F1-score","96.7%; 96.1%; 98.2%; 97.1%","Results are specific to the UCI dataset and study protocol; not a universal phishing-detection benchmark.",Q03
BEH01,"Mohan and Kumar","2025","Intelligent Intrusion Detection System Combining Behavioral Analysis and Machine Learning Methods","Experimental study","CICIDS2017","Behavioral intrusion detection","SVM + Voting Classifier (Random Forest + Logistic Regression)","Accuracy; F1-score","98.8%; 98.7%","Results depend on CICIDS2017 and the study's behavioral-feature construction.",Q04
BEH02,"Authors not yet extracted","2026","An Intelligent Behavioral Anomaly Detection Framework for Next-Generation Digital Forensics Using Hybrid Deep Learning and Context-Aware Feature Fusion","Experimental study","Benchmark forensic dataset","Behavioral anomaly detection","1D-CNN + Bi-LSTM + Autoencoder","Accuracy; Precision; Recall; F1-score","98.1%; 97.9%; 98.3%; 98.1%","Benchmark-specific result; real-world deployment, computational cost and generalization require further validation.",Q05
ZD01,"Authors not yet extracted","2024","An intrusion detection model to detect zero-day attacks in unseen data using machine learning","Experimental study","CIC-MalMem-2022","Zero-day / unseen attack detection","Random Forest + Autoencoder","Accuracy; Precision; Recall; F1-score; MCC","99.9892%; 100%; 99.9803%; 99.9901%; 99.8313%","Single principal dataset; computational cost, parameter sensitivity, calibration and cross-dataset generalization remain limitations.",Q06
ZD02,"Authors not yet extracted","2024","An intrusion detection model to detect zero-day attacks in unseen data using machine learning","Experimental study","CIC-MalMem-2022","Zero-day / unseen attack detection","XGBoost + Autoencoder","Accuracy; Precision; Recall; F1-score; MCC","99.9741%; 100%; 99.9533%; 99.9976%; 99.8002%","Single principal dataset; computational cost, parameter sensitivity, calibration and cross-dataset generalization remain limitations.",Q06
